{
  "baseGoals": 1.13944,
  "homeAdvantage": 1.36578,
  "rho": -0.02341
}